[
  {
    "id": "japan",
    "color": "hsl(199, 70%, 50%)",
    "data": [
      {
        "x": "plane",
        "y": 283
      },
      {
        "x": "helicopter",
        "y": 167
      },
      {
        "x": "boat",
        "y": 219
      },
      {
        "x": "train",
        "y": 66
      },
      {
        "x": "subway",
        "y": 14
      },
      {
        "x": "bus",
        "y": 257
      },
      {
        "x": "car",
        "y": 278
      },
      {
        "x": "moto",
        "y": 220
      },
      {
        "x": "bicycle",
        "y": 232
      },
      {
        "x": "horse",
        "y": 93
      },
      {
        "x": "skateboard",
        "y": 290
      },
      {
        "x": "others",
        "y": 128
      }
    ]
  },
  {
    "id": "france",
    "color": "hsl(194, 70%, 50%)",
    "data": [
      {
        "x": "plane",
        "y": 185
      },
      {
        "x": "helicopter",
        "y": 181
      },
      {
        "x": "boat",
        "y": 79
      },
      {
        "x": "train",
        "y": 51
      },
      {
        "x": "subway",
        "y": 244
      },
      {
        "x": "bus",
        "y": 196
      },
      {
        "x": "car",
        "y": 204
      },
      {
        "x": "moto",
        "y": 299
      },
      {
        "x": "bicycle",
        "y": 236
      },
      {
        "x": "horse",
        "y": 138
      },
      {
        "x": "skateboard",
        "y": 191
      },
      {
        "x": "others",
        "y": 52
      }
    ]
  },
  {
    "id": "us",
    "color": "hsl(22, 70%, 50%)",
    "data": [
      {
        "x": "plane",
        "y": 245
      },
      {
        "x": "helicopter",
        "y": 145
      },
      {
        "x": "boat",
        "y": 291
      },
      {
        "x": "train",
        "y": 295
      },
      {
        "x": "subway",
        "y": 142
      },
      {
        "x": "bus",
        "y": 274
      },
      {
        "x": "car",
        "y": 270
      },
      {
        "x": "moto",
        "y": 202
      },
      {
        "x": "bicycle",
        "y": 255
      },
      {
        "x": "horse",
        "y": 40
      },
      {
        "x": "skateboard",
        "y": 45
      },
      {
        "x": "others",
        "y": 297
      }
    ]
  },
  {
    "id": "germany",
    "color": "hsl(66, 70%, 50%)",
    "data": [
      {
        "x": "plane",
        "y": 44
      },
      {
        "x": "helicopter",
        "y": 110
      },
      {
        "x": "boat",
        "y": 177
      },
      {
        "x": "train",
        "y": 88
      },
      {
        "x": "subway",
        "y": 187
      },
      {
        "x": "bus",
        "y": 132
      },
      {
        "x": "car",
        "y": 7
      },
      {
        "x": "moto",
        "y": 87
      },
      {
        "x": "bicycle",
        "y": 37
      },
      {
        "x": "horse",
        "y": 238
      },
      {
        "x": "skateboard",
        "y": 23
      },
      {
        "x": "others",
        "y": 200
      }
    ]
  },
  {
    "id": "norway",
    "color": "hsl(220, 70%, 50%)",
    "data": [
      {
        "x": "plane",
        "y": 46
      },
      {
        "x": "helicopter",
        "y": 3
      },
      {
        "x": "boat",
        "y": 31
      },
      {
        "x": "train",
        "y": 104
      },
      {
        "x": "subway",
        "y": 245
      },
      {
        "x": "bus",
        "y": 93
      },
      {
        "x": "car",
        "y": 14
      },
      {
        "x": "moto",
        "y": 124
      },
      {
        "x": "bicycle",
        "y": 221
      },
      {
        "x": "horse",
        "y": 108
      },
      {
        "x": "skateboard",
        "y": 88
      },
      {
        "x": "others",
        "y": 75
      }
    ]
  }
]